[
  {
    "database": "{{}}",
    "index": "oik_{{}}_eds",
    "nodes": {
      "table": "ed",
      "schema": "public",
      "columns": [
        "id",
        "num",
        "reg_date",
        "name",
        "is_dsp",
        "temp_save_period"
      ],
      "children": [
        {
          "table": "save_type",
          "columns": [
            "name",
            "code",
            "id"
          ],
          "relationship": {
            "type": "one_to_one",
            "variant": "object"
          }
        },
        {
          "table": "ed_cipher",
          "columns": [
            "id",
            "value"
          ],
          "relationship": {
            "variant": "object",
            "type": "one_to_one"
          }
        },
        {
          "table": "dossier",
          "columns": [
            "index",
            "name"
          ],
          "relationship": {
            "variant": "object",
            "type": "one_to_one"
          },
          "children": [
            {
              "table": "di_kind",
              "columns": [
                "id",
                "name",
                "num",
                "num_show"
              ],
              "relationship": {
                "type": "one_to_many",
                "variant": "object",
                "through_tables": [
                  "di_kind_in_dossier"
                ]
              },
              "children": [
                {
                  "table": "di_save_period",
                  "columns": [
                    "id",
                    "save_info"
                  ],
                  "relationship": {
                    "type": "one_to_one",
                    "variant": "object"
                  }
                },
                {
                  "table": "di_kind_group",
                  "columns": [
                    "id",
                    "name",
                    "code"
                  ],
                  "relationship": {
                    "type": "one_to_one",
                    "variant": "object"
                  },
                  "children": [
                    {
                      "table": "di_classifier",
                      "columns": [
                        "id",
                        "name",
                        "short_name"
                      ],
                      "relationship": {
                        "type": "one_to_one",
                        "variant": "object"
                      }
                    }
                  ]
                }
              ]
            },
            {
              "table": "register",
              "columns": [
                "id",
                "name",
                "num",
                "register_status_id",
                "archive_id",
                "fund_id"
              ],
              "relationship": {
                "type": "one_to_one",
                "variant": "object",
                "through_tables": [
                  "dossier_in_register"
                ]
              },
              "children": [
                {
                  "table": "register_status",
                  "columns": [
                    "id",
                    "name",
                    "code"
                  ],
                  "relationship": {
                    "type": "one_to_one",
                    "variant": "object"
                  }
                },
                {
                  "table": "archive",
                  "columns": [
                    "code",
                    "name",
                    "short_name",
                    "id"
                  ],
                  "relationship": {
                    "type": "one_to_one",
                    "variant": "object"
                  }
                },
                {
                  "table": "fund",
                  "columns": [
                    "code",
                    "name",
                    "num",
                    "id"
                  ],
                  "relationship": {
                    "type": "one_to_one",
                    "variant": "object"
                  }
                }
              ]
            }
          ]
        },
        {
          "table": "ed_status",
          "columns": [
            "id",
            "name",
            "code"
          ],
          "relationship": {
            "variant": "object",
            "type": "one_to_one"
          }
        },
        {
          "table": "subdivision",
          "columns": [
            "code",
            "name",
            "id"
          ],
          "relationship": {
            "variant": "object",
            "type": "one_to_one"
          }
        },
        {
          "table": "file",
          "columns": [
            "id",
            "name"
          ],
          "relationship": {
            "variant": "object",
            "type": "one_to_many"
          },
          "children": [
              {
                "table": "file_content",
                "columns": [
                "meta_info",
                "content",
                "extension"
              ],
                "relationship": {
                  "variant": "object",
                  "type": "one_to_one"
                }
              }
          ]
        },
        {
          "table": "media_type_ed",
          "columns":[
            "id",
            "name",
            "code"
          ],
          "relationship": {
            "variant": "object",
            "type": "one_to_one"
          }
        }
      ]
    }
  }
]

